"kind","id","status","title","summary","locale","location_code","location_name","assignee","submitted_at","total_minor","currency"
"request","6025318a-2048-4038-8eda-1a41a177dfd2","submitted","Bulk export ac012bfc-06f7-413d-856d-f43826c60111 2","Bulk details 2","en","guest_room","Guest room","","2026-08-08T08:21:50.438Z","",""
"request","0da51060-7366-4d75-918e-fba22dddc10a","submitted","Bulk export ac012bfc-06f7-413d-856d-f43826c60111 1","Bulk details 1","en","guest_room","Guest room","","2026-08-08T08:20:50.438Z","",""
"request","162ff1a3-adc2-4cbc-aa2a-86e77bedf795","submitted","Bulk export ac012bfc-06f7-413d-856d-f43826c60111 0","Bulk details 0","en","guest_room","Guest room","","2026-08-08T08:19:50.438Z","",""
"request","c3fc7748-a3a7-42e0-8d59-6808fb8929ff","submitted","Bulk export 8400549c-3ef9-462e-8c8e-8a30ff3c52ae 2","Bulk details 2","en","guest_room","Guest room","","2026-08-08T08:09:18.204Z","",""
"request","80bc3fd0-fe47-4158-a0c4-1b806f1cfa51","submitted","Bulk export 8400549c-3ef9-462e-8c8e-8a30ff3c52ae 1","Bulk details 1","en","guest_room","Guest room","","2026-08-08T08:08:18.204Z","",""
"request","5529cc61-d217-42b2-b7ef-7ea49abe8c65","submitted","Bulk export 8400549c-3ef9-462e-8c8e-8a30ff3c52ae 0","Bulk details 0","en","guest_room","Guest room","","2026-08-08T08:07:18.204Z","",""
"request","c0987467-3d59-400e-b246-b4a940b0b310","submitted","Bulk export a6c3053c-3219-4b0e-ae69-5eb3cdd22b72 2","Bulk details 2","en","guest_room","Guest room","","2026-08-08T08:01:31.872Z","",""
"request","60bfc7f5-978d-468a-a087-fb3365d53288","submitted","Bulk export a6c3053c-3219-4b0e-ae69-5eb3cdd22b72 1","Bulk details 1","en","guest_room","Guest room","","2026-08-08T08:00:31.872Z","",""
"request","10d29f85-4d64-4b75-8612-6dd611b5bb1c","submitted","Bulk export a6c3053c-3219-4b0e-ae69-5eb3cdd22b72 0","Bulk details 0","en","guest_room","Guest room","","2026-08-08T07:59:31.872Z","",""
"request","d0f39015-0ed5-4f6d-8bf4-6169dbbfe5af","submitted","'=SUM(1,2) 84cfc354-8ed9-4487-802d-82a6cb0edc5b","'+export details 84cfc354-8ed9-4487-802d-82a6cb0edc5b","en","guest_room","Guest room","","2026-08-07T08:19:50.016Z","",""
"request","1c403447-56ef-45b8-9766-7946be99a8fb","submitted","'=SUM(1,2) b598145d-4160-4ba6-90e2-fb9612883187","'+export details b598145d-4160-4ba6-90e2-fb9612883187","en","guest_room","Guest room","","2026-08-07T08:07:17.976Z","",""
"request","8ab86073-1d7b-4e9c-aaa7-2b6072a7632a","submitted","'=SUM(1,2) c561f4d2-d9f6-4fdf-b431-eb26f30bcfba","'+export details c561f4d2-d9f6-4fdf-b431-eb26f30bcfba","en","guest_room","Guest room","","2026-08-07T07:59:31.630Z","",""
"request","46d8b43b-98c9-421d-aebb-383ed7752ad6","submitted","'=Export audit ms4dz9qp","'+CSV proof ms4dz9qp","en","lobby","Lobby","","2026-07-28T08:21:00.834Z","",""
"request","2ca47ae8-477d-42ca-bc2f-c807b5e0dd8f","submitted","Analytics towels 1785226858359","Please bring two towels.","en","lobby","Lobby","","2026-07-28T08:20:58.369Z","",""
"request","7d2c51d8-dec7-4277-b1aa-e6ec3a4801b2","submitted","Admin ops towels 1785226774707-5","Please bring two towels. Admin ops towels 1785226774707-5","en","lobby","Lobby","","2026-07-28T08:19:34.935Z","",""
"request","25cda32d-ec52-4e4e-a085-dece3e114754","submitted","Admin ops towels 1785226774476-4","Please bring two towels. Admin ops towels 1785226774476-4","en","lobby","Lobby","","2026-07-28T08:19:34.704Z","",""
"request","5c177e29-d50b-417a-b03a-65d8233cf10b","submitted","Admin ops towels 1785226774249-3","Please bring two towels. Admin ops towels 1785226774249-3","en","lobby","Lobby","","2026-07-28T08:19:34.473Z","",""
"request","f22ccfba-406f-4602-9eb3-ae51092f6bb3","submitted","Admin ops towels 1785226774023-2","Please bring two towels. Admin ops towels 1785226774023-2","en","lobby","Lobby","","2026-07-28T08:19:34.245Z","",""
"request","a46e1acd-cfe0-45e3-a95d-51ca1f6efeaa","submitted","Admin ops towels 1785226773795-1","Please bring two towels. Admin ops towels 1785226773795-1","en","lobby","Lobby","","2026-07-28T08:19:34.019Z","",""
"request","c02b0d32-c4a1-4415-8697-8da94eb54b9c","submitted","Admin ops towels 1785226773557-0","Please bring two towels. Admin ops towels 1785226773557-0","en","lobby","Lobby","","2026-07-28T08:19:33.793Z","",""
"request","988a6628-99c2-42e1-adae-3ef955ef21fb","submitted","Extra towels","Please bring two towels. Extra towels","en","lobby","Lobby","","2026-07-28T08:19:32.888Z","",""
"request","54f554a7-e8cd-4812-9960-de787d3b0148","submitted","Extra towels","Please bring two towels. Extra towels","en","lobby","Lobby","","2026-07-28T08:19:31.495Z","",""
"request","0cb5b755-0d08-4e71-a7c0-17c2721fdce4","submitted","Extra towels","Please bring two towels. Extra towels","en","lobby","Lobby","Hotel Staff","2026-07-28T08:19:29.886Z","",""
"request","a9b07351-c118-4c18-b27a-e98ee685c3ea","submitted","Admin ops towels 1785226024006-5","Please bring two towels. Admin ops towels 1785226024006-5","en","lobby","Lobby","","2026-07-28T08:07:04.228Z","",""
"request","9d1b6ef2-ffa8-4337-b498-3b8be82e317c","submitted","Admin ops towels 1785226023783-4","Please bring two towels. Admin ops towels 1785226023783-4","en","lobby","Lobby","","2026-07-28T08:07:04.004Z","",""
"request","baf71c0b-0759-4a5c-8a19-303591d968fa","submitted","Admin ops towels 1785226023560-3","Please bring two towels. Admin ops towels 1785226023560-3","en","lobby","Lobby","","2026-07-28T08:07:03.781Z","",""
"request","dbb5cc1d-233e-4872-8504-c48c4e6b322f","submitted","Admin ops towels 1785226023338-2","Please bring two towels. Admin ops towels 1785226023338-2","en","lobby","Lobby","","2026-07-28T08:07:03.557Z","",""
"request","f32a8400-e08c-4948-bc69-b7fe58b6eb04","submitted","Admin ops towels 1785226023105-1","Please bring two towels. Admin ops towels 1785226023105-1","en","lobby","Lobby","","2026-07-28T08:07:03.336Z","",""
"request","d6f36fa6-ec48-489b-88f3-1c3f273ee80a","submitted","Admin ops towels 1785226022857-0","Please bring two towels. Admin ops towels 1785226022857-0","en","lobby","Lobby","","2026-07-28T08:07:03.102Z","",""
"request","7ff8673c-994f-4cec-9890-96379871130a","submitted","Extra towels","Please bring two towels. Extra towels","en","lobby","Lobby","","2026-07-28T08:07:02.196Z","",""
"request","2bb4ab12-9463-4563-879c-2497b446820d","submitted","Extra towels","Please bring two towels. Extra towels","en","lobby","Lobby","","2026-07-28T08:07:00.838Z","",""
"request","7756f338-b0cb-4647-b15e-3ba1c9e7fa56","submitted","Extra towels","Please bring two towels. Extra towels","en","lobby","Lobby","Hotel Staff","2026-07-28T08:06:59.236Z","",""
"request","1397b1f8-745a-423c-9beb-f967b7d3b0e7","submitted","Admin ops bulk ms4df5vc-20","Guest request detail for Admin ops bulk ms4df5vc-20","en","lobby","Lobby","","2026-07-28T08:05:22.932Z","",""
"request","74acdbb8-8441-4424-81ea-ec7b11fdea41","submitted","Admin ops bulk ms4df5vc-19","Guest request detail for Admin ops bulk ms4df5vc-19","en","lobby","Lobby","","2026-07-28T08:05:22.921Z","",""
"request","4df4edfb-5bb7-414f-b0a5-a0a0f6de782d","submitted","Admin ops bulk ms4df5vc-18","Guest request detail for Admin ops bulk ms4df5vc-18","en","lobby","Lobby","","2026-07-28T08:05:22.911Z","",""
"request","23bf822a-225c-4186-b33a-27ee722f5415","submitted","Admin ops bulk ms4df5vc-17","Guest request detail for Admin ops bulk ms4df5vc-17","en","lobby","Lobby","","2026-07-28T08:05:22.901Z","",""
"request","43d7c0c3-32f0-4927-9524-7d2f1fad9734","submitted","Admin ops bulk ms4df5vc-16","Guest request detail for Admin ops bulk ms4df5vc-16","en","lobby","Lobby","","2026-07-28T08:05:22.891Z","",""
"request","e37d1596-da12-4061-9682-9e172d24dbf6","submitted","Admin ops bulk ms4df5vc-15","Guest request detail for Admin ops bulk ms4df5vc-15","en","lobby","Lobby","","2026-07-28T08:05:22.881Z","",""
"request","6fb6541e-8cab-4aba-a233-388cd2d81315","submitted","Admin ops bulk ms4df5vc-14","Guest request detail for Admin ops bulk ms4df5vc-14","en","lobby","Lobby","","2026-07-28T08:05:22.870Z","",""
"request","cd9223bb-7a53-4095-a4dd-7c34031725a2","submitted","Admin ops bulk ms4df5vc-13","Guest request detail for Admin ops bulk ms4df5vc-13","en","lobby","Lobby","","2026-07-28T08:05:22.859Z","",""
"request","730dc5bd-1184-481b-9c4f-3afed90d9159","submitted","Admin ops bulk ms4df5vc-12","Guest request detail for Admin ops bulk ms4df5vc-12","en","lobby","Lobby","","2026-07-28T08:05:22.849Z","",""
"request","bf484bcd-7f21-4948-a8c8-a74032f64bd3","submitted","Admin ops bulk ms4df5vc-11","Guest request detail for Admin ops bulk ms4df5vc-11","en","lobby","Lobby","","2026-07-28T08:05:22.838Z","",""
"request","82f0c047-ef2b-4ec7-bfe2-686565028233","submitted","Admin ops bulk ms4df5vc-10","Guest request detail for Admin ops bulk ms4df5vc-10","en","lobby","Lobby","","2026-07-28T08:05:22.826Z","",""
"request","a06f14c9-676b-489d-85cb-a71401de90c3","submitted","Admin ops bulk ms4df5vc-09","Guest request detail for Admin ops bulk ms4df5vc-09","en","lobby","Lobby","","2026-07-28T08:05:22.810Z","",""
"request","a6e3f290-768d-49d4-9cfa-451438c49dc6","submitted","Admin ops bulk ms4df5vc-08","Guest request detail for Admin ops bulk ms4df5vc-08","en","lobby","Lobby","","2026-07-28T08:05:22.796Z","",""
"request","8dcdf541-0245-42aa-89b8-0c30348edddd","submitted","Admin ops bulk ms4df5vc-07","Guest request detail for Admin ops bulk ms4df5vc-07","en","lobby","Lobby","","2026-07-28T08:05:22.780Z","",""
"request","0c2e37ef-1096-4f9e-b925-93e83e179603","submitted","Admin ops bulk ms4df5vc-06","Guest request detail for Admin ops bulk ms4df5vc-06","en","lobby","Lobby","","2026-07-28T08:05:22.768Z","",""
"request","e2b11090-4f7c-4894-963e-063a1c62d94f","submitted","Admin ops bulk ms4df5vc-05","Guest request detail for Admin ops bulk ms4df5vc-05","en","lobby","Lobby","","2026-07-28T08:05:22.756Z","",""
"request","dca37d4c-c55a-44bc-8422-87be66a66764","submitted","Admin ops bulk ms4df5vc-04","Guest request detail for Admin ops bulk ms4df5vc-04","en","lobby","Lobby","","2026-07-28T08:05:22.743Z","",""
"request","da610f50-7182-4326-9c01-0d9a3a548c96","submitted","Admin ops bulk ms4df5vc-03","Guest request detail for Admin ops bulk ms4df5vc-03","en","lobby","Lobby","","2026-07-28T08:05:22.729Z","",""
"request","8e5e3f93-fd07-43a7-955b-6b67fd461381","submitted","Admin ops bulk ms4df5vc-02","Guest request detail for Admin ops bulk ms4df5vc-02","en","lobby","Lobby","","2026-07-28T08:05:22.717Z","",""
"request","25a82e4f-4a69-498d-9674-5bcf7b6bf6ad","submitted","Admin ops bulk ms4df5vc-01","Guest request detail for Admin ops bulk ms4df5vc-01","en","lobby","Lobby","","2026-07-28T08:05:22.705Z","",""
"request","50b9902e-5505-44f4-909d-29639271167a","submitted","Admin ops bulk ms4df5vc-00","Guest request detail for Admin ops bulk ms4df5vc-00","en","lobby","Lobby","","2026-07-28T08:05:22.693Z","",""
"request","1416e829-7431-4a0d-ad51-d2277a8d0dd1","submitted","Admin ops towels ms4df4s1","Guest request detail for Admin ops towels ms4df4s1","en","lobby","Lobby","","2026-07-28T08:05:21.279Z","",""
"request","1c3cf4ec-0c3d-4bcc-a49a-ce601c60ad35","submitted","'=Export audit ms4df21g","'+CSV proof ms4df21g","en","lobby","Lobby","","2026-07-28T08:05:17.723Z","",""
"request","8856fc89-e8be-4ed6-ba87-a5c7aeaef319","submitted","Analytics towels 1785225916062","Please bring two towels.","en","lobby","Lobby","","2026-07-28T08:05:16.112Z","",""
"request","9f2f7efc-a52a-41c1-ac51-a82783f1e3b6","submitted","Admin ops bulk ms4dd7xa-20","Guest request detail for Admin ops bulk ms4dd7xa-20","en","lobby","Lobby","","2026-07-28T08:03:52.345Z","",""
"request","b70fc620-af2f-47ca-a7bf-f2ee4ea27274","submitted","Admin ops bulk ms4dd7xa-19","Guest request detail for Admin ops bulk ms4dd7xa-19","en","lobby","Lobby","","2026-07-28T08:03:52.326Z","",""
"request","f4dd6b35-8fb3-4ed5-bbeb-9319d5cadf57","submitted","Admin ops bulk ms4dd7xa-18","Guest request detail for Admin ops bulk ms4dd7xa-18","en","lobby","Lobby","","2026-07-28T08:03:52.283Z","",""
"request","94951978-540b-443a-9b51-d18595643e90","submitted","Admin ops bulk ms4dd7xa-17","Guest request detail for Admin ops bulk ms4dd7xa-17","en","lobby","Lobby","","2026-07-28T08:03:52.260Z","",""
"request","2e4e0e7f-ec89-49f0-ba7c-9f80119a95f3","submitted","Admin ops bulk ms4dd7xa-16","Guest request detail for Admin ops bulk ms4dd7xa-16","en","lobby","Lobby","","2026-07-28T08:03:52.250Z","",""
"request","1dba59f3-381e-4860-a80e-ea2888d317f2","submitted","Admin ops bulk ms4dd7xa-15","Guest request detail for Admin ops bulk ms4dd7xa-15","en","lobby","Lobby","","2026-07-28T08:03:52.240Z","",""
"request","083aaf58-9666-480d-941a-85dc7fc8868d","submitted","Admin ops bulk ms4dd7xa-14","Guest request detail for Admin ops bulk ms4dd7xa-14","en","lobby","Lobby","","2026-07-28T08:03:52.229Z","",""
"request","b9f6d484-9105-49f7-b4b4-aa5a022ed342","submitted","Admin ops bulk ms4dd7xa-13","Guest request detail for Admin ops bulk ms4dd7xa-13","en","lobby","Lobby","","2026-07-28T08:03:52.218Z","",""
"request","c0ea9e41-a495-4d61-820a-8850b2f59815","submitted","Admin ops bulk ms4dd7xa-12","Guest request detail for Admin ops bulk ms4dd7xa-12","en","lobby","Lobby","","2026-07-28T08:03:52.207Z","",""
"request","ea07f966-50ab-45c1-b0c9-6ef137f06491","submitted","Admin ops bulk ms4dd7xa-11","Guest request detail for Admin ops bulk ms4dd7xa-11","en","lobby","Lobby","","2026-07-28T08:03:52.197Z","",""
"request","e8c3729d-45a4-48cf-b000-c3c7e25fba2b","submitted","Admin ops bulk ms4dd7xa-10","Guest request detail for Admin ops bulk ms4dd7xa-10","en","lobby","Lobby","","2026-07-28T08:03:52.187Z","",""
"request","5e8e659c-ed6e-4dd7-8898-4aa355faf1bc","submitted","Admin ops bulk ms4dd7xa-09","Guest request detail for Admin ops bulk ms4dd7xa-09","en","lobby","Lobby","","2026-07-28T08:03:52.177Z","",""
"request","21adf02a-25f2-4f5f-9698-3718d8baecdd","submitted","Admin ops bulk ms4dd7xa-08","Guest request detail for Admin ops bulk ms4dd7xa-08","en","lobby","Lobby","","2026-07-28T08:03:52.165Z","",""
"request","e14e7ad2-abd6-4deb-a855-e793aea9f15a","submitted","Admin ops bulk ms4dd7xa-07","Guest request detail for Admin ops bulk ms4dd7xa-07","en","lobby","Lobby","","2026-07-28T08:03:52.150Z","",""
"request","1533281c-d388-42c4-81ad-583d4dc13e42","submitted","Admin ops bulk ms4dd7xa-06","Guest request detail for Admin ops bulk ms4dd7xa-06","en","lobby","Lobby","","2026-07-28T08:03:52.136Z","",""
"request","4e0f689e-e8f0-4506-854f-3b47eb15b70f","submitted","Admin ops bulk ms4dd7xa-05","Guest request detail for Admin ops bulk ms4dd7xa-05","en","lobby","Lobby","","2026-07-28T08:03:52.121Z","",""
"request","bc13fcba-006a-40c3-a18e-fc386265e481","submitted","Admin ops bulk ms4dd7xa-04","Guest request detail for Admin ops bulk ms4dd7xa-04","en","lobby","Lobby","","2026-07-28T08:03:52.105Z","",""
"request","2da36467-65cf-4e9c-a9bf-0b0321df865d","submitted","Admin ops bulk ms4dd7xa-03","Guest request detail for Admin ops bulk ms4dd7xa-03","en","lobby","Lobby","","2026-07-28T08:03:52.092Z","",""
"request","2ea9f07a-16fc-4e00-a727-cb1697bc533a","submitted","Admin ops bulk ms4dd7xa-02","Guest request detail for Admin ops bulk ms4dd7xa-02","en","lobby","Lobby","","2026-07-28T08:03:52.076Z","",""
"request","da1099fd-41f2-4dad-ad31-7433ba0790fe","submitted","Admin ops bulk ms4dd7xa-01","Guest request detail for Admin ops bulk ms4dd7xa-01","en","lobby","Lobby","","2026-07-28T08:03:52.057Z","",""
"request","c216975b-bb09-4351-bdf5-d7545a74a972","submitted","Admin ops bulk ms4dd7xa-00","Guest request detail for Admin ops bulk ms4dd7xa-00","en","lobby","Lobby","","2026-07-28T08:03:52.040Z","",""
"request","4c826c10-511d-4032-84a4-3dc9d5a57878","submitted","Admin ops towels ms4dd6qn","Guest request detail for Admin ops towels ms4dd6qn","en","lobby","Lobby","","2026-07-28T08:03:50.520Z","",""
"request","4b4b7627-cfdd-4520-83f3-3260abbce4f2","submitted","'=Export audit ms4dd3kk","'+CSV proof ms4dd3kk","en","lobby","Lobby","","2026-07-28T08:03:46.399Z","",""
"request","fc76b899-d073-4687-a68b-b6e16171d912","submitted","Analytics towels 1785225824845","Please bring two towels.","en","lobby","Lobby","","2026-07-28T08:03:44.852Z","",""
"request","cf69ceb3-7587-4251-9c01-d01d88aa3a22","submitted","Admin ops bulk ms4cr8nn-20","Guest request detail for Admin ops bulk ms4cr8nn-20","en","lobby","Lobby","","2026-07-28T07:46:46.829Z","",""
"request","c216b511-9d03-4496-8116-4557d9e69084","submitted","Admin ops bulk ms4cr8nn-19","Guest request detail for Admin ops bulk ms4cr8nn-19","en","lobby","Lobby","","2026-07-28T07:46:46.819Z","",""
"request","134d3745-b073-4faf-a4d5-f97d2281a82e","submitted","Admin ops bulk ms4cr8nn-18","Guest request detail for Admin ops bulk ms4cr8nn-18","en","lobby","Lobby","","2026-07-28T07:46:46.809Z","",""
"request","101d0f7f-082c-45d8-93e2-81243562fd1d","submitted","Admin ops bulk ms4cr8nn-17","Guest request detail for Admin ops bulk ms4cr8nn-17","en","lobby","Lobby","","2026-07-28T07:46:46.799Z","",""
"request","cffc4771-f2fd-4a82-9dce-da41ef441478","submitted","Admin ops bulk ms4cr8nn-16","Guest request detail for Admin ops bulk ms4cr8nn-16","en","lobby","Lobby","","2026-07-28T07:46:46.787Z","",""
"request","5a7682ff-ecba-4fde-b439-1da54316c567","submitted","Admin ops bulk ms4cr8nn-15","Guest request detail for Admin ops bulk ms4cr8nn-15","en","lobby","Lobby","","2026-07-28T07:46:46.776Z","",""
"request","c25a9ed4-8a20-41cc-83db-2c9d9fad7191","submitted","Admin ops bulk ms4cr8nn-14","Guest request detail for Admin ops bulk ms4cr8nn-14","en","lobby","Lobby","","2026-07-28T07:46:46.763Z","",""
"request","626678ee-c901-4c0e-a372-d97780342929","submitted","Admin ops bulk ms4cr8nn-13","Guest request detail for Admin ops bulk ms4cr8nn-13","en","lobby","Lobby","","2026-07-28T07:46:46.748Z","",""
"request","83ab7b11-00ec-4390-a687-1a51d89053da","submitted","Admin ops bulk ms4cr8nn-12","Guest request detail for Admin ops bulk ms4cr8nn-12","en","lobby","Lobby","","2026-07-28T07:46:46.733Z","",""
"request","c50780bc-f661-4d5a-baf4-65f187c3bc5e","submitted","Admin ops bulk ms4cr8nn-11","Guest request detail for Admin ops bulk ms4cr8nn-11","en","lobby","Lobby","","2026-07-28T07:46:46.719Z","",""
"request","76db841f-ce4f-406a-88bc-3f9b0022d0db","submitted","Admin ops bulk ms4cr8nn-10","Guest request detail for Admin ops bulk ms4cr8nn-10","en","lobby","Lobby","","2026-07-28T07:46:46.706Z","",""
"request","19b66aca-b010-462b-96bb-93e1ffb70746","submitted","Admin ops bulk ms4cr8nn-09","Guest request detail for Admin ops bulk ms4cr8nn-09","en","lobby","Lobby","","2026-07-28T07:46:46.693Z","",""
"request","a0833b3d-d052-45e8-9310-f2d237ba0cdf","submitted","Admin ops bulk ms4cr8nn-08","Guest request detail for Admin ops bulk ms4cr8nn-08","en","lobby","Lobby","","2026-07-28T07:46:46.680Z","",""
"request","e4d2253a-2f82-4a89-a511-2a4a73503252","submitted","Admin ops bulk ms4cr8nn-07","Guest request detail for Admin ops bulk ms4cr8nn-07","en","lobby","Lobby","","2026-07-28T07:46:46.666Z","",""
"request","0b0548e5-6162-43e7-9f11-7505a91d82b8","submitted","Admin ops bulk ms4cr8nn-06","Guest request detail for Admin ops bulk ms4cr8nn-06","en","lobby","Lobby","","2026-07-28T07:46:46.653Z","",""
"request","5e3cce3e-a935-4a2b-9493-65fc68a23140","submitted","Admin ops bulk ms4cr8nn-05","Guest request detail for Admin ops bulk ms4cr8nn-05","en","lobby","Lobby","","2026-07-28T07:46:46.638Z","",""
"request","c4ce3828-5cd3-44ec-a250-e8f3769ef744","submitted","Admin ops bulk ms4cr8nn-04","Guest request detail for Admin ops bulk ms4cr8nn-04","en","lobby","Lobby","","2026-07-28T07:46:46.623Z","",""
"request","b200493c-bbd8-4690-b3cd-0ec1c162f076","submitted","Admin ops bulk ms4cr8nn-03","Guest request detail for Admin ops bulk ms4cr8nn-03","en","lobby","Lobby","","2026-07-28T07:46:46.607Z","",""
"request","f8414972-775f-4445-816c-2e8671f399fb","submitted","Admin ops bulk ms4cr8nn-02","Guest request detail for Admin ops bulk ms4cr8nn-02","en","lobby","Lobby","","2026-07-28T07:46:46.588Z","",""
"request","b0056c28-efde-4a5a-853c-587341b001f8","submitted","Admin ops bulk ms4cr8nn-01","Guest request detail for Admin ops bulk ms4cr8nn-01","en","lobby","Lobby","","2026-07-28T07:46:46.571Z","",""
"request","4ea93b4e-0189-437b-8088-48fdb01b63c2","submitted","Admin ops bulk ms4cr8nn-00","Guest request detail for Admin ops bulk ms4cr8nn-00","en","lobby","Lobby","","2026-07-28T07:46:46.556Z","",""
"request","f55218cd-939c-4f4d-98f3-b7026bcc975a","submitted","Admin ops towels ms4cr7ft","Guest request detail for Admin ops towels ms4cr7ft","en","lobby","Lobby","","2026-07-28T07:46:44.986Z","",""
"request","37426973-4140-4c4c-8179-6f9a6af74ebb","submitted","Analytics towels 1785224800577","Please bring two towels.","en","lobby","Lobby","","2026-07-28T07:46:40.589Z","",""
"request","2e8b3009-c8d6-4584-8a5f-c2e624260894","submitted","Admin ops towels 1785224723133-5","Please bring two towels. Admin ops towels 1785224723133-5","en","lobby","Lobby","","2026-07-28T07:45:23.363Z","",""
"request","17a5e2f6-ab3b-41ee-9f43-12862e468df8","submitted","Admin ops towels 1785224722895-4","Please bring two towels. Admin ops towels 1785224722895-4","en","lobby","Lobby","","2026-07-28T07:45:23.129Z","",""
"request","c1a02359-f29c-420d-bcc2-421a60be9905","submitted","Admin ops towels 1785224722665-3","Please bring two towels. Admin ops towels 1785224722665-3","en","lobby","Lobby","","2026-07-28T07:45:22.892Z","",""
"request","54957a19-f2d4-4ba1-a5bb-1ae72f141b62","submitted","Admin ops towels 1785224722430-2","Please bring two towels. Admin ops towels 1785224722430-2","en","lobby","Lobby","","2026-07-28T07:45:22.662Z","",""
"request","e3ed20b3-a328-46b3-b81e-96dbacd38038","submitted","Admin ops towels 1785224722193-1","Please bring two towels. Admin ops towels 1785224722193-1","en","lobby","Lobby","","2026-07-28T07:45:22.424Z","",""
"request","7d9dc3e8-6de6-4d43-bd07-e25b8dea8c56","submitted","Admin ops towels 1785224721963-0","Please bring two towels. Admin ops towels 1785224721963-0","en","lobby","Lobby","","2026-07-28T07:45:22.190Z","",""
"request","56ba26fd-2486-4e92-837c-f4049bb17bf4","submitted","Extra towels","Please bring two towels. Extra towels","en","lobby","Lobby","","2026-07-28T07:45:21.268Z","",""
"request","29e43451-3a52-465a-862a-ded17e6f082e","submitted","Extra towels","Please bring two towels. Extra towels","en","lobby","Lobby","","2026-07-28T07:45:19.852Z","",""
"request","097244e9-770a-441e-bfda-3b15f89988a9","submitted","Extra towels","Please bring two towels. Extra towels","en","lobby","Lobby","Hotel Staff","2026-07-28T07:45:18.173Z","",""
"request","d070cf49-7509-4eda-b166-db92f5548f3d","submitted","Admin ops bulk ms4cnj75-20","Guest request detail for Admin ops bulk ms4cnj75-20","en","lobby","Lobby","","2026-07-28T07:43:53.959Z","",""
"request","fc14ba92-97bd-4962-b8e3-d781640d0250","submitted","Admin ops bulk ms4cnj75-19","Guest request detail for Admin ops bulk ms4cnj75-19","en","lobby","Lobby","","2026-07-28T07:43:53.943Z","",""
"request","ab66f7ba-2a3d-4651-bf3f-510b10988fbe","submitted","Admin ops bulk ms4cnj75-18","Guest request detail for Admin ops bulk ms4cnj75-18","en","lobby","Lobby","","2026-07-28T07:43:53.927Z","",""
"request","4c58b215-59fb-411d-9238-c76add06e05e","submitted","Admin ops bulk ms4cnj75-17","Guest request detail for Admin ops bulk ms4cnj75-17","en","lobby","Lobby","","2026-07-28T07:43:53.912Z","",""
"request","3b2c62e5-f2a8-4194-a23f-6083889ece72","submitted","Admin ops bulk ms4cnj75-16","Guest request detail for Admin ops bulk ms4cnj75-16","en","lobby","Lobby","","2026-07-28T07:43:53.896Z","",""
"request","ef81c3bb-7bfa-4f24-9353-0ad31ca5a00d","submitted","Admin ops bulk ms4cnj75-15","Guest request detail for Admin ops bulk ms4cnj75-15","en","lobby","Lobby","","2026-07-28T07:43:53.876Z","",""
"request","2e86f1ab-d9a8-4a20-8a0c-b39d30fafc3c","submitted","Admin ops bulk ms4cnj75-14","Guest request detail for Admin ops bulk ms4cnj75-14","en","lobby","Lobby","","2026-07-28T07:43:53.856Z","",""
"request","8e375103-069a-41cc-b925-14df660669c9","submitted","Admin ops bulk ms4cnj75-13","Guest request detail for Admin ops bulk ms4cnj75-13","en","lobby","Lobby","","2026-07-28T07:43:53.840Z","",""
"request","f27c6934-035f-460e-9e5f-4b1aae3665f8","submitted","Admin ops bulk ms4cnj75-12","Guest request detail for Admin ops bulk ms4cnj75-12","en","lobby","Lobby","","2026-07-28T07:43:53.827Z","",""
"request","dac7a83e-e387-43b7-94b0-04c3801b1bef","submitted","Admin ops bulk ms4cnj75-11","Guest request detail for Admin ops bulk ms4cnj75-11","en","lobby","Lobby","","2026-07-28T07:43:53.814Z","",""
"request","61b5bb11-b2f0-4172-8c5f-cb367a295bdf","submitted","Admin ops bulk ms4cnj75-10","Guest request detail for Admin ops bulk ms4cnj75-10","en","lobby","Lobby","","2026-07-28T07:43:53.799Z","",""
"request","a0f4ead6-3058-4223-a688-31b7ca21e74a","submitted","Admin ops bulk ms4cnj75-09","Guest request detail for Admin ops bulk ms4cnj75-09","en","lobby","Lobby","","2026-07-28T07:43:53.783Z","",""
"request","0ef91551-aa6b-4a04-ba22-312de866146b","submitted","Admin ops bulk ms4cnj75-08","Guest request detail for Admin ops bulk ms4cnj75-08","en","lobby","Lobby","","2026-07-28T07:43:53.768Z","",""
"request","6e7e7f1e-8480-4297-9fca-079df60813bf","submitted","Admin ops bulk ms4cnj75-07","Guest request detail for Admin ops bulk ms4cnj75-07","en","lobby","Lobby","","2026-07-28T07:43:53.748Z","",""
"request","8d99abcd-d5db-4741-9dbb-fb43c345056c","submitted","Admin ops bulk ms4cnj75-06","Guest request detail for Admin ops bulk ms4cnj75-06","en","lobby","Lobby","","2026-07-28T07:43:53.727Z","",""
"request","b688d808-20e1-442f-bc11-cff11fedd8e7","submitted","Admin ops bulk ms4cnj75-05","Guest request detail for Admin ops bulk ms4cnj75-05","en","lobby","Lobby","","2026-07-28T07:43:53.706Z","",""
"request","bb732bf2-998c-4cc5-8898-9434b024368a","submitted","Admin ops bulk ms4cnj75-04","Guest request detail for Admin ops bulk ms4cnj75-04","en","lobby","Lobby","","2026-07-28T07:43:53.683Z","",""
"request","c9200888-8641-4727-ba78-60d9887c5a67","submitted","Admin ops bulk ms4cnj75-03","Guest request detail for Admin ops bulk ms4cnj75-03","en","lobby","Lobby","","2026-07-28T07:43:53.662Z","",""
"request","be81e0b0-e517-4784-bf2b-aef4f23dc50c","submitted","Admin ops bulk ms4cnj75-02","Guest request detail for Admin ops bulk ms4cnj75-02","en","lobby","Lobby","","2026-07-28T07:43:53.644Z","",""
"request","8222180a-27e0-4544-aa5c-6f2352a2eef7","submitted","Admin ops bulk ms4cnj75-01","Guest request detail for Admin ops bulk ms4cnj75-01","en","lobby","Lobby","","2026-07-28T07:43:53.623Z","",""
"request","997a9a50-d4c4-410c-9f50-39dea19ae42f","submitted","Admin ops bulk ms4cnj75-00","Guest request detail for Admin ops bulk ms4cnj75-00","en","lobby","Lobby","","2026-07-28T07:43:53.602Z","",""
"request","9510712c-2bcd-49b5-b349-3f1b5dbdc78e","submitted","Admin ops towels ms4cnhy7","Guest request detail for Admin ops towels ms4cnhy7","en","lobby","Lobby","","2026-07-28T07:43:51.993Z","",""
"request","623f2137-5acc-44a5-a051-0a9dfd786666","submitted","Analytics towels 1785224627840","Please bring two towels.","en","lobby","Lobby","","2026-07-28T07:43:47.851Z","",""
"request","25c44a60-eb39-480a-ade7-92d704f742bb","submitted","Admin ops towels ms4cl25v","Guest request detail for Admin ops towels ms4cl25v","en","lobby","Lobby","","2026-07-28T07:41:58.215Z","",""
"request","15b2ea04-5389-4237-8703-ea9967ca29f7","submitted","Analytics towels 1785224513611","Please bring two towels.","en","lobby","Lobby","","2026-07-28T07:41:53.621Z","",""
"request","540a5fd4-c0d8-4a69-b6b3-35cb9fea6b9f","submitted","Admin ops towels 1785224342151-5","Please bring two towels. Admin ops towels 1785224342151-5","en","lobby","Lobby","","2026-07-28T07:39:02.376Z","",""
"request","6c4b828e-003d-4122-adf0-b6081fb9efd4","submitted","Admin ops towels 1785224341891-4","Please bring two towels. Admin ops towels 1785224341891-4","en","lobby","Lobby","","2026-07-28T07:39:02.147Z","",""
"request","ce7ef8fb-9b33-4edb-a104-306247222ff2","submitted","Admin ops towels 1785224341634-3","Please bring two towels. Admin ops towels 1785224341634-3","en","lobby","Lobby","","2026-07-28T07:39:01.886Z","",""
"request","af582ff3-5136-4be3-936e-6e04677345fa","submitted","Admin ops towels 1785224341406-2","Please bring two towels. Admin ops towels 1785224341406-2","en","lobby","Lobby","","2026-07-28T07:39:01.631Z","",""
"request","80d8c8e1-002b-4bb2-b74a-0a748366a27b","submitted","Admin ops towels 1785224341167-1","Please bring two towels. Admin ops towels 1785224341167-1","en","lobby","Lobby","","2026-07-28T07:39:01.401Z","",""
"request","7af658df-231f-4019-89fc-14487d2b7fb1","submitted","Admin ops towels 1785224340824-0","Please bring two towels. Admin ops towels 1785224340824-0","en","lobby","Lobby","","2026-07-28T07:39:01.159Z","",""
"request","2947f962-e7f0-4daf-9a67-2a899b82bef0","submitted","Extra towels","Please bring two towels. Extra towels","en","lobby","Lobby","","2026-07-28T07:38:59.715Z","",""
"request","1fb0f0ed-c831-4cc3-a297-f1c201cf3fc9","submitted","Extra towels","Please bring two towels. Extra towels","en","lobby","Lobby","","2026-07-28T07:38:58.150Z","",""
"request","6be87eac-6582-42e3-a098-da325e1f8164","submitted","Extra towels","Please bring two towels. Extra towels","en","lobby","Lobby","Hotel Staff","2026-07-28T07:38:56.553Z","",""
"request","de94455d-183a-4d01-84f6-5dc6f201cded","submitted","Admin ops bulk ms4bxaxw-20","Guest request detail for Admin ops bulk ms4bxaxw-20","en","lobby","Lobby","","2026-07-28T07:23:30.110Z","",""
"request","ae2ad0c2-6af8-4477-aeb2-0dcd63ce4cf3","submitted","Admin ops bulk ms4bxaxw-19","Guest request detail for Admin ops bulk ms4bxaxw-19","en","lobby","Lobby","","2026-07-28T07:23:30.096Z","",""
"request","89ec7cef-2416-4aae-bd5c-be755030ab34","submitted","Admin ops bulk ms4bxaxw-18","Guest request detail for Admin ops bulk ms4bxaxw-18","en","lobby","Lobby","","2026-07-28T07:23:30.080Z","",""
"request","3abd1c1c-abd2-4fe3-8c2d-38ca331c73ba","submitted","Admin ops bulk ms4bxaxw-17","Guest request detail for Admin ops bulk ms4bxaxw-17","en","lobby","Lobby","","2026-07-28T07:23:30.065Z","",""
"request","88e8e37d-dd10-448e-88a2-8875c8092dd4","submitted","Admin ops bulk ms4bxaxw-16","Guest request detail for Admin ops bulk ms4bxaxw-16","en","lobby","Lobby","","2026-07-28T07:23:30.052Z","",""
"request","f3430c4e-e277-474f-9a89-9860f1915457","submitted","Admin ops bulk ms4bxaxw-15","Guest request detail for Admin ops bulk ms4bxaxw-15","en","lobby","Lobby","","2026-07-28T07:23:30.038Z","",""
"request","6888543c-ecf7-4f71-ae11-acef1aaf4418","submitted","Admin ops bulk ms4bxaxw-14","Guest request detail for Admin ops bulk ms4bxaxw-14","en","lobby","Lobby","","2026-07-28T07:23:30.020Z","",""
"request","8c9c9bf4-8e89-4177-90a6-7e7db829efcc","submitted","Admin ops bulk ms4bxaxw-13","Guest request detail for Admin ops bulk ms4bxaxw-13","en","lobby","Lobby","","2026-07-28T07:23:30.010Z","",""
"request","6f241b75-4f22-40b6-855a-c22b3017ae50","submitted","Admin ops bulk ms4bxaxw-12","Guest request detail for Admin ops bulk ms4bxaxw-12","en","lobby","Lobby","","2026-07-28T07:23:29.999Z","",""
"request","ffdc9cd2-5b4d-4ee6-b902-4336e06063b8","submitted","Admin ops bulk ms4bxaxw-11","Guest request detail for Admin ops bulk ms4bxaxw-11","en","lobby","Lobby","","2026-07-28T07:23:29.980Z","",""
"request","39cf2760-96d4-4cda-90e3-28f3fdcab7d3","submitted","Admin ops bulk ms4bxaxw-10","Guest request detail for Admin ops bulk ms4bxaxw-10","en","lobby","Lobby","","2026-07-28T07:23:29.968Z","",""
"request","f4644ee2-89f4-483e-ac19-14000d769e31","submitted","Admin ops bulk ms4bxaxw-09","Guest request detail for Admin ops bulk ms4bxaxw-09","en","lobby","Lobby","","2026-07-28T07:23:29.956Z","",""
"request","b4fdb50d-f909-45c2-a67e-a665f0620f16","submitted","Admin ops bulk ms4bxaxw-08","Guest request detail for Admin ops bulk ms4bxaxw-08","en","lobby","Lobby","","2026-07-28T07:23:29.946Z","",""
"request","8cb967bd-f47d-4261-9739-fbea00de1bc1","submitted","Admin ops bulk ms4bxaxw-07","Guest request detail for Admin ops bulk ms4bxaxw-07","en","lobby","Lobby","","2026-07-28T07:23:29.935Z","",""
"request","8f0be4a6-4f1f-4f59-a2e1-97c3611e16da","submitted","Admin ops bulk ms4bxaxw-06","Guest request detail for Admin ops bulk ms4bxaxw-06","en","lobby","Lobby","","2026-07-28T07:23:29.921Z","",""
"request","1e4d46a0-098f-4bcc-a8b2-091f92cb15e0","submitted","Admin ops bulk ms4bxaxw-05","Guest request detail for Admin ops bulk ms4bxaxw-05","en","lobby","Lobby","","2026-07-28T07:23:29.907Z","",""
"request","c666d969-a685-4258-b2f3-601ddd9cf106","submitted","Admin ops bulk ms4bxaxw-04","Guest request detail for Admin ops bulk ms4bxaxw-04","en","lobby","Lobby","","2026-07-28T07:23:29.887Z","",""
"request","837f422a-450e-499a-bfa7-0d257d649b2d","submitted","Admin ops bulk ms4bxaxw-03","Guest request detail for Admin ops bulk ms4bxaxw-03","en","lobby","Lobby","","2026-07-28T07:23:29.876Z","",""
"request","760452fd-08e2-4d80-950e-4d933233bace","submitted","Admin ops bulk ms4bxaxw-02","Guest request detail for Admin ops bulk ms4bxaxw-02","en","lobby","Lobby","","2026-07-28T07:23:29.865Z","",""
"request","aeef9868-846f-4ae4-85ff-0348c1e38148","submitted","Admin ops bulk ms4bxaxw-01","Guest request detail for Admin ops bulk ms4bxaxw-01","en","lobby","Lobby","","2026-07-28T07:23:29.853Z","",""
"request","d4f852eb-b9e4-49c2-8119-67c8b079b79f","submitted","Admin ops bulk ms4bxaxw-00","Guest request detail for Admin ops bulk ms4bxaxw-00","en","lobby","Lobby","","2026-07-28T07:23:29.838Z","",""
"request","e2f18516-14f7-4208-a232-5b22823d026a","submitted","Admin ops towels ms4bx9tg","Guest request detail for Admin ops towels ms4bx9tg","en","lobby","Lobby","","2026-07-28T07:23:28.388Z","",""
"request","7cfdc992-c1bf-4776-be9c-4cf78c2a67fe","submitted","Admin ops bulk ms4bqkoe-20","Guest request detail for Admin ops bulk ms4bqkoe-20","en","lobby","Lobby","","2026-07-28T07:18:16.162Z","",""
"request","b5ca1375-bc3a-40ef-8a8b-eb6c08553be3","submitted","Admin ops bulk ms4bqkoe-19","Guest request detail for Admin ops bulk ms4bqkoe-19","en","lobby","Lobby","","2026-07-28T07:18:16.149Z","",""
"request","e3f7b41a-81a5-4116-8cd6-f1a967f9bb90","submitted","Admin ops bulk ms4bqkoe-18","Guest request detail for Admin ops bulk ms4bqkoe-18","en","lobby","Lobby","","2026-07-28T07:18:16.138Z","",""
"request","1c622330-e4e3-433b-8f9b-80f50246c56c","submitted","Admin ops bulk ms4bqkoe-17","Guest request detail for Admin ops bulk ms4bqkoe-17","en","lobby","Lobby","","2026-07-28T07:18:16.126Z","",""
"request","ad071831-70d3-4f1e-ba5f-56f4129b01c1","submitted","Admin ops bulk ms4bqkoe-16","Guest request detail for Admin ops bulk ms4bqkoe-16","en","lobby","Lobby","","2026-07-28T07:18:16.115Z","",""
"request","475972e4-ca02-44ea-97f4-318c49a6e884","submitted","Admin ops bulk ms4bqkoe-15","Guest request detail for Admin ops bulk ms4bqkoe-15","en","lobby","Lobby","","2026-07-28T07:18:16.101Z","",""
"request","d4d9684e-6278-4b83-8df7-196dae0fe0c1","submitted","Admin ops bulk ms4bqkoe-14","Guest request detail for Admin ops bulk ms4bqkoe-14","en","lobby","Lobby","","2026-07-28T07:18:16.055Z","",""
"request","d44dae5d-74f2-45ed-8fb1-424b2de2ea32","submitted","Admin ops bulk ms4bqkoe-13","Guest request detail for Admin ops bulk ms4bqkoe-13","en","lobby","Lobby","","2026-07-28T07:18:16.039Z","",""
"request","e70b7b76-b41f-4c21-a8df-bd7014084a23","submitted","Admin ops bulk ms4bqkoe-12","Guest request detail for Admin ops bulk ms4bqkoe-12","en","lobby","Lobby","","2026-07-28T07:18:16.022Z","",""
"request","ed890430-1d7e-4273-ae6b-ba1b9b105024","submitted","Admin ops bulk ms4bqkoe-11","Guest request detail for Admin ops bulk ms4bqkoe-11","en","lobby","Lobby","","2026-07-28T07:18:16.003Z","",""
"request","a0ffc691-58d9-49a2-86d3-351ce6f16068","submitted","Admin ops bulk ms4bqkoe-10","Guest request detail for Admin ops bulk ms4bqkoe-10","en","lobby","Lobby","","2026-07-28T07:18:15.992Z","",""
"request","a4d3cdaa-62a5-4ea5-a1f1-fa33131581b2","submitted","Admin ops bulk ms4bqkoe-09","Guest request detail for Admin ops bulk ms4bqkoe-09","en","lobby","Lobby","","2026-07-28T07:18:15.982Z","",""
"request","5f4f061e-fb98-47b1-9853-bed69318a169","submitted","Admin ops bulk ms4bqkoe-08","Guest request detail for Admin ops bulk ms4bqkoe-08","en","lobby","Lobby","","2026-07-28T07:18:15.967Z","",""
"request","38773fea-5f6a-45f9-a874-def045281d9d","submitted","Admin ops bulk ms4bqkoe-07","Guest request detail for Admin ops bulk ms4bqkoe-07","en","lobby","Lobby","","2026-07-28T07:18:15.957Z","",""
"request","80991575-4e6f-498e-88db-dedd99377812","submitted","Admin ops bulk ms4bqkoe-06","Guest request detail for Admin ops bulk ms4bqkoe-06","en","lobby","Lobby","","2026-07-28T07:18:15.946Z","",""
"request","13b90abb-9764-43ee-a857-8443eec0202c","submitted","Admin ops bulk ms4bqkoe-05","Guest request detail for Admin ops bulk ms4bqkoe-05","en","lobby","Lobby","","2026-07-28T07:18:15.933Z","",""
"request","1552f4f4-f1e8-423d-acdd-4df4c214e857","submitted","Admin ops bulk ms4bqkoe-04","Guest request detail for Admin ops bulk ms4bqkoe-04","en","lobby","Lobby","","2026-07-28T07:18:15.920Z","",""
"request","7d48f691-b84f-4131-9a60-9bfc51b23ba0","submitted","Admin ops bulk ms4bqkoe-03","Guest request detail for Admin ops bulk ms4bqkoe-03","en","lobby","Lobby","","2026-07-28T07:18:15.907Z","",""
"request","93b6853a-d0b7-433f-bd7f-887ccc587920","submitted","Admin ops bulk ms4bqkoe-02","Guest request detail for Admin ops bulk ms4bqkoe-02","en","lobby","Lobby","","2026-07-28T07:18:15.892Z","",""
"request","d07fd5b2-0e2c-4dcc-9c0b-7fadbab37192","submitted","Admin ops bulk ms4bqkoe-01","Guest request detail for Admin ops bulk ms4bqkoe-01","en","lobby","Lobby","","2026-07-28T07:18:15.879Z","",""
"request","f2a47fd6-827b-4d45-b156-2842acf519f1","submitted","Admin ops bulk ms4bqkoe-00","Guest request detail for Admin ops bulk ms4bqkoe-00","en","lobby","Lobby","","2026-07-28T07:18:15.866Z","",""
"request","88565d1a-da90-43a4-aee5-95af279450aa","submitted","Admin ops towels ms4bqjl2","Guest request detail for Admin ops towels ms4bqjl2","en","lobby","Lobby","","2026-07-28T07:18:14.452Z","",""
"request","64724f5a-a8af-471e-97b6-460e4b86a758","submitted","Admin ops bulk ms4blt6p-20","Guest request detail for Admin ops bulk ms4blt6p-20","en","lobby","Lobby","","2026-07-28T07:14:33.947Z","",""
"request","2f80140b-8666-4c94-b41d-979ba8fc529a","submitted","Admin ops bulk ms4blt6p-19","Guest request detail for Admin ops bulk ms4blt6p-19","en","lobby","Lobby","","2026-07-28T07:14:33.934Z","",""
"request","c5b41036-bb2f-4248-bee6-4a14216aa790","submitted","Admin ops bulk ms4blt6p-18","Guest request detail for Admin ops bulk ms4blt6p-18","en","lobby","Lobby","","2026-07-28T07:14:33.914Z","",""
"request","60484136-d01c-4cc3-866b-8e0fd5daf178","submitted","Admin ops bulk ms4blt6p-17","Guest request detail for Admin ops bulk ms4blt6p-17","en","lobby","Lobby","","2026-07-28T07:14:33.897Z","",""
"request","d73f8c86-48da-4f5e-a5d2-86883d5e0071","submitted","Admin ops bulk ms4blt6p-16","Guest request detail for Admin ops bulk ms4blt6p-16","en","lobby","Lobby","","2026-07-28T07:14:33.872Z","",""
"request","cc4eae10-78dc-4cc3-8c9e-3fc43867f4ca","submitted","Admin ops bulk ms4blt6p-15","Guest request detail for Admin ops bulk ms4blt6p-15","en","lobby","Lobby","","2026-07-28T07:14:33.850Z","",""
"request","26be6b97-8e1d-4ef6-98a7-92a2da68bce8","submitted","Admin ops bulk ms4blt6p-14","Guest request detail for Admin ops bulk ms4blt6p-14","en","lobby","Lobby","","2026-07-28T07:14:33.833Z","",""
"request","6e9984de-d5dc-43e0-9b9d-91271f47afbe","submitted","Admin ops bulk ms4blt6p-13","Guest request detail for Admin ops bulk ms4blt6p-13","en","lobby","Lobby","","2026-07-28T07:14:33.821Z","",""
"request","c63399c3-c152-42ca-adce-6fbc5033e8f1","submitted","Admin ops bulk ms4blt6p-12","Guest request detail for Admin ops bulk ms4blt6p-12","en","lobby","Lobby","","2026-07-28T07:14:33.802Z","",""
"request","67f1edd5-6f2b-41d4-a5d9-adf62b19e5aa","submitted","Admin ops bulk ms4blt6p-11","Guest request detail for Admin ops bulk ms4blt6p-11","en","lobby","Lobby","","2026-07-28T07:14:33.781Z","",""
"request","79ff0d0a-2121-4269-99f4-3dfc0c208e4e","submitted","Admin ops bulk ms4blt6p-10","Guest request detail for Admin ops bulk ms4blt6p-10","en","lobby","Lobby","","2026-07-28T07:14:33.766Z","",""
"request","986d233e-6fd9-4091-9ecc-8fa0fedfcbb1","submitted","Admin ops bulk ms4blt6p-09","Guest request detail for Admin ops bulk ms4blt6p-09","en","lobby","Lobby","","2026-07-28T07:14:33.750Z","",""
"request","23d4d612-9686-4508-92af-20273e9c6ebb","submitted","Admin ops bulk ms4blt6p-08","Guest request detail for Admin ops bulk ms4blt6p-08","en","lobby","Lobby","","2026-07-28T07:14:33.737Z","",""
"request","62eb83c2-80f7-4297-a920-fb8e31723c54","submitted","Admin ops bulk ms4blt6p-07","Guest request detail for Admin ops bulk ms4blt6p-07","en","lobby","Lobby","","2026-07-28T07:14:33.723Z","",""
"request","a6367592-d705-419f-8083-c4647dd8f210","submitted","Admin ops bulk ms4blt6p-06","Guest request detail for Admin ops bulk ms4blt6p-06","en","lobby","Lobby","","2026-07-28T07:14:33.706Z","",""
"request","1b364c6f-afd0-4385-b0d4-a98913794d20","submitted","Admin ops bulk ms4blt6p-05","Guest request detail for Admin ops bulk ms4blt6p-05","en","lobby","Lobby","","2026-07-28T07:14:33.689Z","",""
"request","36163c8f-b601-48cb-a5e4-3f2936a4ebd4","submitted","Admin ops bulk ms4blt6p-04","Guest request detail for Admin ops bulk ms4blt6p-04","en","lobby","Lobby","","2026-07-28T07:14:33.678Z","",""
"request","cb98ce5a-3b56-48fb-afd9-c0ad8b2080ec","submitted","Admin ops bulk ms4blt6p-03","Guest request detail for Admin ops bulk ms4blt6p-03","en","lobby","Lobby","","2026-07-28T07:14:33.667Z","",""
"request","a7f5acc2-3d40-416e-b0c9-ac1b75bb2b4c","submitted","Admin ops bulk ms4blt6p-02","Guest request detail for Admin ops bulk ms4blt6p-02","en","lobby","Lobby","","2026-07-28T07:14:33.654Z","",""
"request","3231f175-dcf0-426f-a366-887bc12caafa","submitted","Admin ops bulk ms4blt6p-01","Guest request detail for Admin ops bulk ms4blt6p-01","en","lobby","Lobby","","2026-07-28T07:14:33.637Z","",""
"request","18dca9fa-6d65-40bf-873c-f06b674c76e9","submitted","Admin ops bulk ms4blt6p-00","Guest request detail for Admin ops bulk ms4blt6p-00","en","lobby","Lobby","","2026-07-28T07:14:33.614Z","",""
"request","2b9f6de3-0eb9-4836-b0d6-ac012b4b977c","submitted","Admin ops towels ms4blryc","Guest request detail for Admin ops towels ms4blryc","en","lobby","Lobby","","2026-07-28T07:14:32.022Z","",""
"request","86dd04dc-98b1-4c40-951e-c9568cf7ffbd","submitted","Admin ops towels 1785222743313-5","Please bring two towels. Admin ops towels 1785222743313-5","en","lobby","Lobby","","2026-07-28T07:12:23.543Z","",""
"request","83e3d77b-622d-4a43-9a87-5b1810799fbd","submitted","Admin ops towels 1785222743040-4","Please bring two towels. Admin ops towels 1785222743040-4","en","lobby","Lobby","","2026-07-28T07:12:23.308Z","",""
"request","3938299d-bc15-42b9-847f-fc33c322bf41","submitted","Admin ops towels 1785222742807-3","Please bring two towels. Admin ops towels 1785222742807-3","en","lobby","Lobby","","2026-07-28T07:12:23.035Z","",""
"request","5ab3a026-e0a0-4451-ace0-4f56eee67746","submitted","Admin ops towels 1785222742584-2","Please bring two towels. Admin ops towels 1785222742584-2","en","lobby","Lobby","","2026-07-28T07:12:22.804Z","",""
"request","437c0d29-41d7-4b34-9f70-3f9dfc6417a0","submitted","Admin ops towels 1785222742351-1","Please bring two towels. Admin ops towels 1785222742351-1","en","lobby","Lobby","","2026-07-28T07:12:22.579Z","",""
"request","715b9202-ef43-4dec-bcb7-5d5759b1ada0","submitted","Admin ops towels 1785222742122-0","Please bring two towels. Admin ops towels 1785222742122-0","en","lobby","Lobby","","2026-07-28T07:12:22.349Z","",""
"request","405232df-1137-4fba-9d5c-64cd9fb91580","submitted","Extra towels","Please bring two towels. Extra towels","en","lobby","Lobby","","2026-07-28T07:12:21.458Z","",""
"request","97aac1a9-e3ab-45cb-833f-7dd8db44c5c1","submitted","Extra towels","Please bring two towels. Extra towels","en","lobby","Lobby","","2026-07-28T07:12:20.065Z","",""
"request","4a1ab4cf-991b-4be5-baa4-f3e773f5797d","submitted","Extra towels","Please bring two towels. Extra towels","en","lobby","Lobby","Hotel Staff","2026-07-28T07:12:18.419Z","",""
"request","b8ac9719-f20c-4b6b-a5de-e1a6be221540","submitted","Admin ops bulk ms4aodmp-20","Guest request detail for Admin ops bulk ms4aodmp-20","en","lobby","Lobby","","2026-07-28T06:48:34.268Z","",""
"request","90495320-04f9-4350-b88a-8a3e127183c6","submitted","Admin ops bulk ms4aodmp-19","Guest request detail for Admin ops bulk ms4aodmp-19","en","lobby","Lobby","","2026-07-28T06:48:34.240Z","",""
"request","a1370998-3885-4601-8fe1-b7ea830b4f49","submitted","Admin ops bulk ms4aodmp-18","Guest request detail for Admin ops bulk ms4aodmp-18","en","lobby","Lobby","","2026-07-28T06:48:34.214Z","",""
"request","e654bfe8-da6c-41ce-9de4-1170673371da","submitted","Admin ops bulk ms4aodmp-17","Guest request detail for Admin ops bulk ms4aodmp-17","en","lobby","Lobby","","2026-07-28T06:48:34.185Z","",""
"request","1135e5a9-65d2-45a2-b7df-ef7c5edd5c3d","submitted","Admin ops bulk ms4aodmp-16","Guest request detail for Admin ops bulk ms4aodmp-16","en","lobby","Lobby","","2026-07-28T06:48:34.166Z","",""
"request","79b68efe-a0b0-43d3-8c88-909ce7e5e75e","submitted","Admin ops bulk ms4aodmp-15","Guest request detail for Admin ops bulk ms4aodmp-15","en","lobby","Lobby","","2026-07-28T06:48:34.117Z","",""
"request","fcdf87ef-531a-4da9-b841-c2ec6cc58de0","submitted","Admin ops bulk ms4aodmp-14","Guest request detail for Admin ops bulk ms4aodmp-14","en","lobby","Lobby","","2026-07-28T06:48:34.098Z","",""
"request","06a68b50-3302-462a-bc02-773f863642de","submitted","Admin ops bulk ms4aodmp-13","Guest request detail for Admin ops bulk ms4aodmp-13","en","lobby","Lobby","","2026-07-28T06:48:34.078Z","",""
"request","f4f36692-74f8-418d-954b-82015d6305ce","submitted","Admin ops bulk ms4aodmp-12","Guest request detail for Admin ops bulk ms4aodmp-12","en","lobby","Lobby","","2026-07-28T06:48:34.059Z","",""
"request","2899b25e-bb6d-4350-9a71-34f7f70a5d76","submitted","Admin ops bulk ms4aodmp-11","Guest request detail for Admin ops bulk ms4aodmp-11","en","lobby","Lobby","","2026-07-28T06:48:34.034Z","",""
"request","f7bd19e9-6a66-430a-8461-0397567f3a17","submitted","Admin ops bulk ms4aodmp-10","Guest request detail for Admin ops bulk ms4aodmp-10","en","lobby","Lobby","","2026-07-28T06:48:34.019Z","",""
"request","cc831c92-ea60-4b90-8148-41389f42ca4e","submitted","Admin ops bulk ms4aodmp-09","Guest request detail for Admin ops bulk ms4aodmp-09","en","lobby","Lobby","","2026-07-28T06:48:34.004Z","",""
"request","d3d15013-bdff-4d62-be1f-049bc4442f6f","submitted","Admin ops bulk ms4aodmp-08","Guest request detail for Admin ops bulk ms4aodmp-08","en","lobby","Lobby","","2026-07-28T06:48:33.982Z","",""
"request","7d65dd74-0cdd-425d-84a2-bec0ece74cae","submitted","Admin ops bulk ms4aodmp-07","Guest request detail for Admin ops bulk ms4aodmp-07","en","lobby","Lobby","","2026-07-28T06:48:33.957Z","",""
"request","d42d97d6-562f-46cd-9aa6-b20b71c1cd71","submitted","Admin ops bulk ms4aodmp-06","Guest request detail for Admin ops bulk ms4aodmp-06","en","lobby","Lobby","","2026-07-28T06:48:33.944Z","",""
"request","e9c36652-f216-4d64-a002-ea2f0a59451a","submitted","Admin ops bulk ms4aodmp-05","Guest request detail for Admin ops bulk ms4aodmp-05","en","lobby","Lobby","","2026-07-28T06:48:33.927Z","",""
"request","fd0c3f30-51af-4f2f-98f5-647eede86cdd","submitted","Admin ops bulk ms4aodmp-04","Guest request detail for Admin ops bulk ms4aodmp-04","en","lobby","Lobby","","2026-07-28T06:48:33.908Z","",""
"request","a45bf440-2c66-4982-9f18-39fa3e100d77","submitted","Admin ops bulk ms4aodmp-03","Guest request detail for Admin ops bulk ms4aodmp-03","en","lobby","Lobby","","2026-07-28T06:48:33.889Z","",""
"request","47fa32cb-8541-4760-b702-222825dec8b2","submitted","Admin ops bulk ms4aodmp-02","Guest request detail for Admin ops bulk ms4aodmp-02","en","lobby","Lobby","","2026-07-28T06:48:33.868Z","",""
"request","6c991e13-c634-41d0-a88f-3aba8e23c41a","submitted","Admin ops bulk ms4aodmp-01","Guest request detail for Admin ops bulk ms4aodmp-01","en","lobby","Lobby","","2026-07-28T06:48:33.845Z","",""
"request","4dacfb4a-30ee-451a-90ea-b10c0ec04c0b","submitted","Admin ops bulk ms4aodmp-00","Guest request detail for Admin ops bulk ms4aodmp-00","en","lobby","Lobby","","2026-07-28T06:48:33.818Z","",""
"request","a8de99fc-5b0b-4866-b961-bae8012ddde3","submitted","Admin ops towels ms4aobxx","Guest request detail for Admin ops towels ms4aobxx","en","lobby","Lobby","","2026-07-28T06:48:31.630Z","",""
"request","fc30ee7c-442f-4bc3-ac6e-f72e3e6514cf","submitted","Admin ops towels ms4alnpv","Guest request detail for Admin ops towels ms4alnpv","en","lobby","Lobby","","2026-07-28T06:46:26.916Z","",""
"request","74927efa-b031-4d5b-8816-d818ff40bfcd","submitted","Admin ops towels ms4aj76n","Guest request detail for Admin ops towels ms4aj76n","en","lobby","Lobby","","2026-07-28T06:44:32.177Z","",""
"request","54151747-3c88-4fd4-9e46-0615c72e33fc","submitted","Admin ops towels 1785221034803-5","Please bring two towels. Admin ops towels 1785221034803-5","en","lobby","Lobby","","2026-07-28T06:43:55.052Z","",""
"request","948d9e73-c2b4-47a7-a229-17ec5f523089","submitted","Admin ops towels 1785221034529-4","Please bring two towels. Admin ops towels 1785221034529-4","en","lobby","Lobby","","2026-07-28T06:43:54.798Z","",""
"request","5a7efb67-898b-45c0-989b-a0a494d01aba","submitted","Admin ops towels 1785221034298-3","Please bring two towels. Admin ops towels 1785221034298-3","en","lobby","Lobby","","2026-07-28T06:43:54.523Z","",""
"request","a2f66873-8ff2-4efe-b6c2-04cc7502ebf6","submitted","Admin ops towels 1785221034060-2","Please bring two towels. Admin ops towels 1785221034060-2","en","lobby","Lobby","","2026-07-28T06:43:54.293Z","",""
"request","18c00518-c93b-4413-947b-cf0ea3ec94fe","submitted","Admin ops towels 1785221033780-1","Please bring two towels. Admin ops towels 1785221033780-1","en","lobby","Lobby","","2026-07-28T06:43:54.053Z","",""
"request","c87fd5d5-c9f9-41ac-8098-9ac8dc06d449","submitted","Admin ops towels 1785221033518-0","Please bring two towels. Admin ops towels 1785221033518-0","en","lobby","Lobby","","2026-07-28T06:43:53.776Z","",""
"request","85a4c547-b4ae-4157-ac85-efa8c17d6628","submitted","Extra towels","Please bring two towels. Extra towels","en","lobby","Lobby","","2026-07-28T06:43:52.551Z","",""
"request","f64f8dcb-ddcd-46ba-8fed-296dd5575ded","submitted","Extra towels","Please bring two towels. Extra towels","en","lobby","Lobby","","2026-07-28T06:42:51.031Z","",""
"request","01843654-8d19-447e-83bb-c10a10683813","submitted","Extra towels","Please bring two towels. Extra towels","en","lobby","Lobby","Hotel Staff","2026-07-28T06:42:39.485Z","",""
"request","6328f3d2-ac06-49ba-8e7a-58c198b182d6","submitted","Extra towels ms49m2bi","Please bring two extra towels to the room.","en","lobby","Lobby","Hotel Manager","2026-07-28T06:18:46.459Z","",""
"request","cc6901d9-b9a5-442c-9a8b-a9a3cb863346","submitted","Extra towels ms49lzzl","Please bring two extra towels to the room.","en","lobby","Lobby","","2026-07-28T06:18:43.438Z","",""
"request","7702c3ab-1d8a-411b-bd16-d42dbc29e2bd","submitted","Extra towels ms49lpy8","Please bring two extra towels to the room.","en","lobby","Lobby","","2026-07-28T06:18:31.355Z","",""
"request","438ba25e-6d15-4195-921f-126df93d56a7","submitted","Extra towels ms49d7g9","Please bring two extra towels to the room.","en","lobby","Lobby","Hotel Manager","2026-07-28T06:11:53.189Z","",""
"request","37d86849-e5f8-4609-bf02-46044db7ceba","submitted","Extra towels ms49d53r","Please bring two extra towels to the room.","en","lobby","Lobby","","2026-07-28T06:11:50.160Z","",""
"request","0d3d497a-da1f-4ad9-af3a-fcccc965482c","submitted","Extra towels ms49cw45","Please bring two extra towels to the room.","en","lobby","Lobby","","2026-07-28T06:11:39.534Z","",""
"request","2ad355b8-fc13-45c7-8b0b-eddb36664dad","submitted","Extra towels ms48rz56","Please bring two extra towels to the room.","en","lobby","Lobby","Hotel Manager","2026-07-28T05:55:22.652Z","",""
"request","c3c971ac-e08d-4695-9460-89c0dedf28a2","submitted","Extra towels ms48rwul","Please bring two extra towels to the room.","en","lobby","Lobby","","2026-07-28T05:55:19.698Z","",""
"request","1234c81b-ff02-486c-a786-176bd6d655eb","submitted","Extra towels ms48rnaj","Please bring two extra towels to the room.","en","lobby","Lobby","","2026-07-28T05:55:08.376Z","",""
"request","fb7a7cbe-d394-4387-bfe2-57f66b6b383d","submitted","Extra towels","Please bring two towels.","en","lobby","Lobby","","2026-07-28T05:54:32.471Z","",""
"request","f35e5ca3-5328-4f80-965c-3a1f07b59266","submitted","Extra towels","Please bring two towels.","en","lobby","Lobby","","2026-07-28T05:54:31.102Z","",""
"request","89217469-4684-41d4-b2ad-0f94cdf61ada","submitted","Extra towels","Please bring two towels.","en","lobby","Lobby","Hotel Staff","2026-07-28T05:54:29.525Z","",""
"request","a2d2fb77-a6ad-4665-b22b-c9fb58066993","submitted","Extra towels ms486674","Please bring two extra towels to the room.","en","lobby","Lobby","Hotel Manager","2026-07-28T05:38:25.384Z","",""
"request","1e43e063-0fca-4f4b-92b5-daad8ac4d031","submitted","Extra towels ms4863h5","Please bring two extra towels to the room.","en","lobby","Lobby","","2026-07-28T05:38:22.068Z","",""
"request","e979f4d2-e5e8-4e6e-bf17-0e1b5e9dce97","submitted","Extra towels ms485ux3","Please bring two extra towels to the room.","en","lobby","Lobby","","2026-07-28T05:38:11.731Z","",""
"request","d7d46b6b-b380-4d24-badb-36c4584f6261","submitted","Extra towels","Please bring two towels.","en","lobby","Lobby","","2026-07-28T05:34:01.741Z","",""
"request","8a156e76-c1fc-498a-95a4-e90595a402b0","submitted","Extra towels","Please bring two towels.","en","lobby","Lobby","","2026-07-28T05:34:00.446Z","",""
"request","8b0a3fbb-ca78-4bb6-a64e-268e632de3dc","submitted","Extra towels","Please bring two towels.","en","lobby","Lobby","Hotel Staff","2026-07-28T05:33:58.918Z","",""
"request","61d3a7a0-c977-404e-b527-b95c2f89b7d9","submitted","Extra towels ms3o0rlt","Please bring two extra towels to the room.","en","lobby","Lobby","Hotel Manager","2026-07-27T20:14:20.839Z","",""
"request","34cd92f7-3021-47d1-9457-0639f287f91b","submitted","Extra towels ms3o0pdm","Please bring two extra towels to the room.","en","lobby","Lobby","","2026-07-27T20:14:17.975Z","",""
"request","283c212b-c0a6-494f-b924-e0892ebc6440","submitted","Extra towels ms3o0hu3","Please bring two extra towels to the room.","en","lobby","Lobby","","2026-07-27T20:14:09.173Z","",""
"request","9cae9fc4-c812-4e27-95c8-558fb0e436a3","submitted","Extra towels ms3nyghw","Please bring two extra towels to the room.","en","lobby","Lobby","Hotel Manager","2026-07-27T20:12:33.146Z","",""
"request","945b77f3-e1ef-4102-b419-6f7c97d06b42","submitted","Extra towels ms3nye7p","Please bring two extra towels to the room.","en","lobby","Lobby","","2026-07-27T20:12:30.187Z","",""
"request","a487ec16-d25d-400d-b635-84d93cd9251f","submitted","Extra towels ms3ny6qk","Please bring two extra towels to the room.","en","lobby","Lobby","","2026-07-27T20:12:21.446Z","",""
"request","17f9d68c-de9f-4f83-b2f9-16ac5595c14a","submitted","Extra towels ms3nshif","Please bring two extra towels to the room.","en","lobby","Lobby","Hotel Manager","2026-07-27T20:07:54.513Z","",""
"request","0b08f91c-d742-45b4-b680-a0967aa0675f","submitted","Extra towels ms3nsfef","Please bring two extra towels to the room.","en","lobby","Lobby","","2026-07-27T20:07:51.783Z","",""
"request","0a961add-b8ec-4966-ac50-9279ccce35bb","submitted","Extra towels ms3ns7le","Please bring two extra towels to the room.","en","lobby","Lobby","","2026-07-27T20:07:42.538Z","",""
"request","7ed1bdc3-eaeb-422a-ab26-c76392c1fb41","submitted","Extra towels ms3nkpwi","Please bring two extra towels to the room.","en","lobby","Lobby","Hotel Manager","2026-07-27T20:01:52.148Z","",""
"request","026e680e-1f66-469a-bea2-c285bc65570d","submitted","Extra towels ms3nknue","Please bring two extra towels to the room.","en","lobby","Lobby","","2026-07-27T20:01:49.479Z","",""
"request","c0b13108-b5d4-4d93-ad63-a1747fdd498b","submitted","Extra towels ms3nkgew","Please bring two extra towels to the room.","en","lobby","Lobby","","2026-07-27T20:01:40.753Z","",""
"request","a05a5b7a-590f-4388-801c-147d265f987e","submitted","Extra towels ms3niwou","Please bring two extra towels to the room.","en","lobby","Lobby","","2026-07-27T20:00:27.629Z","",""
"request","0defa8d2-0b2f-49e1-af4f-067645a279e4","submitted","Extra towels ms3nin3d","Please bring two extra towels to the room.","en","lobby","Lobby","","2026-07-27T20:00:16.148Z","",""
"request","db6b4155-5959-4300-bfab-3f4041ba989d","submitted","Extra towels","Please bring two towels.","en","lobby","Lobby","","2026-07-27T19:59:49.951Z","",""
"request","9e688fe5-ebbf-42e3-911a-e310fd4dbf71","submitted","Extra towels","Please bring two towels.","en","lobby","Lobby","","2026-07-27T19:59:48.667Z","",""
"request","10de9e63-4082-4d62-94b5-11ed6751bf1e","submitted","Extra towels","Please bring two towels.","en","lobby","Lobby","Hotel Staff","2026-07-27T19:59:47.172Z","",""
"request","4a1bd398-7f40-472d-8217-9bfe64c3bc52","submitted","Extra towels ms3mnoe3","Please bring two extra towels to the room.","en","lobby","Lobby","","2026-07-27T19:36:10.529Z","",""
"request","b81964fb-2192-42a4-aacf-0aecde7d5550","submitted","Extra towels ms3mnc8h","Please bring two extra towels to the room.","en","lobby","Lobby","","2026-07-27T19:35:55.914Z","",""
"request","d755ecaf-29c5-40f5-8db0-613f07b10fb9","submitted","Extra towels","Please bring two towels.","en","lobby","Lobby","","2026-07-27T19:33:28.922Z","",""
"request","b89cb1c1-a867-47d7-8a02-ee47113ca9a0","submitted","Extra towels","Please bring two towels.","en","lobby","Lobby","","2026-07-27T19:33:27.416Z","",""
"request","75092727-37a0-43b3-8439-c72dde64cd35","submitted","Extra towels","Please bring two towels.","en","lobby","Lobby","Hotel Staff","2026-07-27T19:33:25.826Z","",""
"request","b56a5620-2b70-440e-8610-3bf5a08c8b6f","submitted","Realtime towels 1785180759876","Please bring two towels.","en","lobby","Lobby","","2026-07-27T19:32:39.881Z","",""
"request","0963ef35-86b1-46ae-ba70-8ec919f54b3d","submitted","Extra towels","Please bring two towels.","en","lobby","Lobby","","2026-07-27T19:32:38.634Z","",""
"request","e42eacdd-950f-4d14-a16d-b80df967fae6","submitted","Extra towels","Please bring two towels.","en","lobby","Lobby","","2026-07-27T19:32:37.230Z","",""
"request","b1d344e7-be37-4614-9a2b-23220c32143c","submitted","Extra towels","Please bring two towels.","en","lobby","Lobby","Hotel Staff","2026-07-27T19:32:35.573Z","",""
"request","6ebbca9f-aab8-4b9c-99c4-deb51cc8cb7c","submitted","Extra towels ms3iks3o","Please bring two extra towels to the room.","en","lobby","Lobby","Hotel Manager","2026-07-27T17:41:56.925Z","",""
"request","e274224b-d0a5-4929-90d4-2bf9a7ffdf05","submitted","Extra towels ms3ikku3","Please bring two extra towels to the room.","en","lobby","Lobby","","2026-07-27T17:41:48.453Z","",""
"request","b07acc3c-2b33-4a16-b602-ad9c6e8ef5a9","submitted","Extra towels ms3ijifx","Please bring two extra towels to the room.","en","lobby","Lobby","Hotel Manager","2026-07-27T17:40:57.740Z","",""
"request","8148a364-7035-4cc6-9a93-1b1a2448d55d","submitted","Extra towels ms3ijb9w","Please bring two extra towels to the room.","en","lobby","Lobby","","2026-07-27T17:40:49.382Z","",""
"request","e334facd-516e-4775-9949-12760a1e65f3","submitted","Extra towels","Please bring two towels.","en","lobby","Lobby","","2026-07-27T17:40:18.960Z","",""
"request","12132d75-a3f8-4fe6-86f8-587c08aa5f6d","submitted","Extra towels","Please bring two towels.","en","lobby","Lobby","","2026-07-27T17:40:17.634Z","",""
"request","f980714e-1022-4a23-b234-2c6dd55fdf0d","submitted","Extra towels","Please bring two towels.","en","lobby","Lobby","Hotel Staff","2026-07-27T17:40:16.055Z","",""
"request","71def799-0a96-4a78-aa6c-7d5e3ef60186","submitted","Extra towels ms3igybc","Please bring two extra towels to the room.","en","lobby","Lobby","Hotel Manager","2026-07-27T17:38:58.345Z","",""
"request","e8608a51-f18b-4b64-b9ad-998f42d1d0fe","submitted","Extra towels ms3igrbt","Please bring two extra towels to the room.","en","lobby","Lobby","","2026-07-27T17:38:50.222Z","",""
"request","e11a7425-c916-4537-bdd9-92ccd76ceb7c","submitted","Extra towels","Please bring two towels.","en","lobby","Lobby","","2026-07-27T17:38:04.804Z","",""
"request","1f823699-6561-4107-bc53-99c344fadd4a","submitted","Extra towels","Please bring two towels.","en","lobby","Lobby","","2026-07-27T17:38:03.440Z","",""
"request","5ec0e605-a860-4485-bf25-d5b92182e07e","submitted","Extra towels","Please bring two towels.","en","lobby","Lobby","Hotel Staff","2026-07-27T17:38:01.830Z","",""
"request","117ea834-0acb-438f-b42e-a7ea79526bdf","submitted","Extra towels ms3hvzlg","Please bring two extra towels to the room.","en","lobby","Lobby","","2026-07-27T17:22:41.123Z","",""
"request","ec714a83-4706-4475-a5f6-35c1675998a8","submitted","Extra towels ms3hv0tm","Please bring two extra towels to the room.","en","lobby","Lobby","","2026-07-27T17:21:56.213Z","",""
"request","2a2c82ab-bfb0-4a31-b72c-b02c541ebc8a","submitted","Extra towels ms3htdhz","Please bring two extra towels to the room.","en","lobby","Lobby","","2026-07-27T17:20:39.203Z","",""
"request","b9ef132a-c2c6-435f-bf9c-724109023ae9","submitted","Extra towels ms3hnb3f","Please bring two extra towels to the room.","en","lobby","Lobby","","2026-07-27T17:15:56.162Z","",""
"request","eda39579-9481-479e-8512-3ddf3e6d41d4","submitted","Extra towels ms3hgz6i","Please bring two extra towels to the room.","en","lobby","Lobby","","2026-07-27T17:11:01.087Z","",""
"request","75e5b731-c8e4-4a79-8e1a-a5fb7bdd2a0a","submitted","Extra towels ms3hghch","Please bring two extra towels to the room.","en","lobby","Lobby","","2026-07-27T17:10:37.596Z","",""
"request","ebcfcb0a-5ba0-4a6a-917d-b2b4874ab54a","submitted","Extra towels ms3hbgfy","Please bring two extra towels to the room.","en","lobby","Lobby","","2026-07-27T17:06:43.026Z","",""
"request","aa58766e-d45f-4e52-a218-e3ac8c67a3fd","submitted","Extra towels","Please bring two towels.","en","lobby","Lobby","","2026-07-27T17:00:14.611Z","",""
"request","223f62f3-f120-4d90-a51d-dde4dd6f9483","submitted","Extra towels","Please bring two towels.","en","lobby","Lobby","","2026-07-27T17:00:12.981Z","",""
"request","6935c5c2-7a59-432b-bbc5-0b89bb2fa465","submitted","Extra towels","Please bring two towels.","en","lobby","Lobby","","2026-07-27T16:40:30.266Z","",""
"request","32428e10-af6c-42e9-97d7-a8d635198bff","submitted","Extra towels","Please bring two towels.","en","lobby","Lobby","","2026-07-27T16:32:54.628Z","",""
"request","89ae42a6-fbf5-4f5b-9f5d-04b766df8659","submitted","Extra towels","Please bring two towels.","vi","lobby","Lobby","","2026-07-27T16:32:46.630Z","",""
"request","da2cda5d-38db-4ff7-b2fc-e7afe054bfe6","submitted","Extra towels","Two towels please","vi","lobby","Lobby","","2026-07-27T16:32:45.951Z","",""
"request","80f1db61-3476-47df-9a06-eaba347c32ce","submitted","Extra towels","Please bring two towels.","en","lobby","Lobby","","2026-07-27T16:17:15.114Z","",""
"request","da0e037a-5fd1-4b58-9f1c-b43a64213041","submitted","Extra towels","Please bring two towels.","en","lobby","Lobby","","2026-07-27T16:16:04.306Z","",""
"request","b29ff3bd-01a7-46d3-8b79-61cdb0812ac0","submitted","Extra towels","Please bring two towels.","en","lobby","Lobby","","2026-07-27T16:14:10.266Z","",""
"request","3eccdaa0-9d99-4acf-a5f5-ef9a653717ec","submitted","Extra towels","Please bring two towels.","en","lobby","Lobby","","2026-07-27T16:13:57.435Z","",""
"request","e01c3eb2-c91c-4ce1-b919-62cfcc73917e","submitted","Extra towels","Please bring two towels.","en","lobby","Lobby","","2026-07-27T16:13:17.666Z","",""
"request","f2c90b09-4199-4c61-9692-5c2341d45f69","submitted","Extra towels","Please bring two towels.","en","lobby","Lobby","","2026-07-27T16:13:00.678Z","",""
"request","63198b75-7485-4dda-97ff-ec1e0d608f01","submitted","Extra towels","Please bring two towels.","vi","lobby","Lobby","","2026-07-27T15:55:51.103Z","",""
"request","25434fd2-31cc-4fee-888e-0f2de7c837bb","submitted","Extra towels","Two towels please","vi","lobby","Lobby","","2026-07-27T15:55:50.195Z","",""
"request","6752da9a-1cc1-40ae-8d32-c95786d32f80","submitted","Extra towels","Please bring two towels.","vi","lobby","Lobby","","2026-07-27T15:54:54.156Z","",""
"request","b23de1f4-a456-49bb-b932-f874766c2f49","submitted","Extra towels","Two towels please","vi","lobby","Lobby","","2026-07-27T15:54:53.428Z","",""
"request","6b52562d-a5fd-478a-9d06-6e85ad4783d2","submitted","Extra towels","Please bring two towels.","vi","lobby","Lobby","","2026-07-27T15:45:07.469Z","",""
"request","51fed8bc-f388-48b4-bd49-7f2dc66b6805","submitted","Extra towels","Two towels please","vi","lobby","Lobby","","2026-07-27T15:45:06.796Z","",""
"request","b6e50660-0249-4bbc-9353-24a387e90f55","submitted","Extra towels","Please bring two towels.","vi","lobby","Lobby","","2026-07-27T14:19:26.942Z","",""
"request","5e094e94-886c-4d12-989e-8ad959cf500e","submitted","Extra towels","Please bring two towels.","vi","lobby","Lobby","","2026-07-27T13:56:22.918Z","",""
"request","adb90d30-edf7-440f-a200-40f389ab5466","submitted","Bulk export ad293595-e0d7-4fe5-9719-73ad04bb1d8b 2","Bulk details 2","en","guest_room","Guest room","","2026-03-03T10:02:00.000Z","",""
"request","769bff79-270c-4ff0-9d62-4e9b6790c33a","submitted","Bulk export aa2a09bb-4a0b-4e89-a51a-a0864e1d415e 2","Bulk details 2","en","guest_room","Guest room","","2026-03-03T10:02:00.000Z","",""
"request","4cfa33f2-e0b2-4b70-a9d3-b5f6d21597f8","submitted","Bulk export 4e835e47-5b05-44f0-9f1c-53ad5c6ad4d6 2","Bulk details 2","en","guest_room","Guest room","","2026-03-03T10:02:00.000Z","",""
"request","cbcbbdca-2dcf-4062-ae5f-b1879daedc0b","submitted","Bulk export ad293595-e0d7-4fe5-9719-73ad04bb1d8b 1","Bulk details 1","en","guest_room","Guest room","","2026-03-03T10:01:00.000Z","",""
"request","984590c8-fb20-46bd-ad52-fdac4e80fbf5","submitted","Bulk export aa2a09bb-4a0b-4e89-a51a-a0864e1d415e 1","Bulk details 1","en","guest_room","Guest room","","2026-03-03T10:01:00.000Z","",""
"request","629b60b9-203d-4abe-9801-e3646295b9d0","submitted","Bulk export 4e835e47-5b05-44f0-9f1c-53ad5c6ad4d6 1","Bulk details 1","en","guest_room","Guest room","","2026-03-03T10:01:00.000Z","",""
"request","f888f472-c92d-4256-8907-e8f1fa5fb36e","submitted","Bulk export ad293595-e0d7-4fe5-9719-73ad04bb1d8b 0","Bulk details 0","en","guest_room","Guest room","","2026-03-03T10:00:00.000Z","",""
"request","ad982514-221a-4a69-8ed2-c8b54765d18d","submitted","Bulk export 4e835e47-5b05-44f0-9f1c-53ad5c6ad4d6 0","Bulk details 0","en","guest_room","Guest room","","2026-03-03T10:00:00.000Z","",""
"request","3a9f56e6-4c89-428f-b9cf-102baf6fe606","submitted","Bulk export aa2a09bb-4a0b-4e89-a51a-a0864e1d415e 0","Bulk details 0","en","guest_room","Guest room","","2026-03-03T10:00:00.000Z","",""
"request","a3196352-b571-4ae0-b03f-c9fba68f67b8","submitted","'=SUM(1,2) 0c18b4b3-520f-4637-a480-f5651db09134","'+export details 0c18b4b3-520f-4637-a480-f5651db09134","en","guest_room","Guest room","","2026-03-01T10:00:00.000Z","",""
"request","5eba3fe2-2e83-4606-87cd-f4d333928b16","submitted","'=SUM(1,2) 3264d84e-4ac0-48ee-9d2e-a49b73843d5b","'+export details 3264d84e-4ac0-48ee-9d2e-a49b73843d5b","en","guest_room","Guest room","","2026-03-01T10:00:00.000Z","",""
"request","4104e14d-2206-4e92-b5c5-dac9292eae57","submitted","'=SUM(1,2) 5a2c4cac-6ba8-41d8-9435-5c9675433b25","'+export details 5a2c4cac-6ba8-41d8-9435-5c9675433b25","en","guest_room","Guest room","","2026-03-01T10:00:00.000Z","",""
